DATE,inflation
1990-01-01,4.905908309
1990-02-01,4.91755923
1990-03-01,5.19152475
1990-04-01,5.276985365
1990-05-01,5.166732439
1990-06-01,5.370697673
1990-07-01,5.516605952
1990-08-01,5.836270781
1990-09-01,5.930360317
1990-10-01,5.798506168
1990-11-01,5.683108196
1990-12-01,5.651092078
1991-01-01,5.815290409
1991-02-01,5.8623588
1991-03-01,5.474284579
1991-04-01,5.276160434
1991-05-01,5.222445891
1991-06-01,4.934653949
1991-07-01,4.713410392
1991-08-01,4.393094508
1991-09-01,4.443594793
1991-10-01,4.288991989
1991-11-01,4.34967757
1991-12-01,4.346967664
1992-01-01,4.052308746
1992-02-01,3.861765064
1992-03-01,3.975844252
1992-04-01,4.066438773
1992-05-01,3.926410529
1992-06-01,3.860188559
1992-07-01,3.769367667
1992-08-01,3.628120085
1992-09-01,3.349237754
1992-10-01,3.6359146
1992-11-01,3.629469745
1992-12-01,3.478262556
1993-01-01,3.528455109
1993-02-01,3.561853788
1993-03-01,3.334428143
1993-04-01,3.404237829
1993-05-01,3.532736691
1993-06-01,3.569326945
1993-07-01,3.422616714
1993-08-01,3.508810757
1993-09-01,3.642383692
1993-10-01,3.424737275
1993-11-01,3.436277096
1993-12-01,3.548475916
1994-01-01,3.375759896
1994-02-01,3.415920384
1994-03-01,3.570150943
1994-04-01,3.354397547
1994-05-01,3.225532887
1994-06-01,3.194738495
1994-07-01,3.233880147
1994-08-01,3.306714086
1994-09-01,3.254281644
1994-10-01,3.164264289
1994-11-01,3.128282179
1994-12-01,2.901446577
1995-01-01,3.144200833
1995-02-01,3.124100115
1995-03-01,3.167481169
1995-04-01,3.306684647
1995-05-01,3.355294523
1995-06-01,3.332283478
1995-07-01,3.386948974
1995-08-01,3.23814109
1995-09-01,3.351697522
1995-10-01,3.46411606
1995-11-01,3.37996065
1995-12-01,3.379829487
1996-01-01,3.277075064
1996-02-01,3.259936249
1996-03-01,3.134500987
1996-04-01,3.004778103
1996-05-01,3.047772222
1996-06-01,3.051784638
1996-07-01,3.087421545
1996-08-01,3.083473301
1996-09-01,3.063090207
1996-10-01,2.943741816
1996-11-01,2.980390413
1996-12-01,3.05642197
1997-01-01,2.91241515
1997-02-01,2.802464903
1997-03-01,2.854608076
1997-04-01,2.910920374
1997-05-01,2.870203143
1997-06-01,2.828445596
1997-07-01,2.752239262
1997-08-01,2.653670773
1997-09-01,2.544804261
1997-10-01,2.618900715
1997-11-01,2.548580799
1997-12-01,2.621535622
1998-01-01,2.673178027
1998-02-01,2.691552555
1998-03-01,2.672304266
1998-04-01,2.640497846
1998-05-01,2.611332031
1998-06-01,2.600204475
1998-07-01,2.603335947
1998-08-01,2.633982138
1998-09-01,2.594217982
1998-10-01,2.535056337
1998-11-01,2.523581703
1998-12-01,2.437823
1999-01-01,2.383116
1999-02-01,2.316234
1999-03-01,2.237507
1999-04-01,2.226592
1999-05-01,2.153318
1999-06-01,2.070264
1999-07-01,2.111144
1999-08-01,2.094839
1999-09-01,2.070746
1999-10-01,2.04962
1999-11-01,2.147821
1999-12-01,2.167848
2000-01-01,2.335519
2000-02-01,2.379221
2000-03-01,2.483286
2000-04-01,2.409239
2000-05-01,2.558647
2000-06-01,2.701492
2000-07-01,2.71297
2000-08-01,2.874818
2000-09-01,2.897082
2000-10-01,2.919941
2000-11-01,2.870145
2000-12-01,2.972089
2001-01-01,2.878468
2001-02-01,2.979742
2001-03-01,2.961886
2001-04-01,3.091112
2001-05-01,3.07401
2001-06-01,3.200619
2001-07-01,3.207811
2001-08-01,3.251713
2001-09-01,3.388746
2001-10-01,3.484066
2001-11-01,3.601999
2001-12-01,3.564921
2002-01-01,3.557463
2002-02-01,3.527436
2002-03-01,3.46848
2002-04-01,3.465822
2002-05-01,3.452132
2002-06-01,3.241692
2002-07-01,3.263706
2002-08-01,3.146595
2002-09-01,3.026606
2002-10-01,2.937194
2002-11-01,2.824322
2002-12-01,2.792164
2003-01-01,2.778159
2003-02-01,2.69562
2003-03-01,2.619135
2003-04-01,2.450573
2003-05-01,2.338588
2003-06-01,2.261697
2003-07-01,2.228217
2003-08-01,2.155287
2003-09-01,2.174311
2003-10-01,2.150681
2003-11-01,2.025956
2003-12-01,1.967767
2004-01-01,1.949813
2004-02-01,2.037157
2004-03-01,2.126567
2004-04-01,2.247883
2004-05-01,2.228612
2004-06-01,2.370793
2004-07-01,2.254997
2004-08-01,2.249671
2004-09-01,2.23192
2004-10-01,2.229333
2004-11-01,2.293797
2004-12-01,2.304188
2005-01-01,2.308836
2005-02-01,2.279146
2005-03-01,2.238654
2005-04-01,2.231837
2005-05-01,2.350311
2005-06-01,2.191008
2005-07-01,2.292571
2005-08-01,2.256804
2005-09-01,2.326514
2005-10-01,2.318218
2005-11-01,2.424911
2005-12-01,2.463042
2006-01-01,2.444816
2006-02-01,2.492938
2006-03-01,2.575349
2006-04-01,2.67529
2006-05-01,2.778406
2006-06-01,3.029284
2006-07-01,3.089187
2006-08-01,3.219901
2006-09-01,3.207054
2006-10-01,3.285968
2006-11-01,3.141252
2006-12-01,3.1159
2007-01-01,3.136734
2007-02-01,3.152428
2007-03-01,3.099888
2007-04-01,2.957465
2007-05-01,2.774199
2007-06-01,2.621714
2007-07-01,2.525322
2007-08-01,2.459164
2007-09-01,2.475003
2007-10-01,2.494632
2007-11-01,2.64947
2007-12-01,2.712396
2008-01-01,2.747695
2008-02-01,2.617738
2008-03-01,2.688949
2008-04-01,2.725505
2008-05-01,2.793043
2008-06-01,2.933931
2008-07-01,3.010504
2008-08-01,3.080765
2008-09-01,3.071629
2008-10-01,2.922213
2008-11-01,2.777101
2008-12-01,2.614507
2009-01-01,2.535975
2009-02-01,2.54257
2009-03-01,2.437701
2009-04-01,2.359914
2009-05-01,2.273815
2009-06-01,2.078063
2009-07-01,1.910212
2009-08-01,1.757047
2009-09-01,1.602846
2009-10-01,1.509202
2009-11-01,1.361569
2009-12-01,1.318775
2010-01-01,1.170764
2010-02-01,1.048684
2010-03-01,0.9255024
2010-04-01,0.869413
2010-05-01,0.793302
2010-06-01,0.7780127
2010-07-01,0.7440706
2010-08-01,0.6911158
2010-09-01,0.6638685
2010-10-01,0.6723344
2010-11-01,0.8233069
2010-12-01,0.8307821
2011-01-01,0.9539952
2011-02-01,1.117829
2011-03-01,1.179972
2011-04-01,1.210295
2011-05-01,1.256079
2011-06-01,1.29395
2011-07-01,1.41844
2011-08-01,1.651442
2011-09-01,1.721515
2011-10-01,1.835844
2011-11-01,1.835434
2011-12-01,2.045078
2012-01-01,2.113351
2012-02-01,2.01608
2012-03-01,2.122799
2012-04-01,2.191796
2012-05-01,2.188203
2012-06-01,2.238927
2012-07-01,2.260479
2012-08-01,2.17107
2012-09-01,2.219253
2012-10-01,2.206525
2012-11-01,2.195661
2012-12-01,2.107127
2013-01-01,2.065935
2013-02-01,2.143683
2013-03-01,2.096923
2013-04-01,1.932255
2013-05-01,1.905048
2013-06-01,1.874046
2013-07-01,1.865294
2013-08-01,1.911745
2013-09-01,1.888205
2013-10-01,1.866698
2013-11-01,1.890963
2013-12-01,1.872378
2014-01-01,1.821944
2014-02-01,1.789204
2014-03-01,1.821445
2014-04-01,2.025724
2014-05-01,2.127518
2014-06-01,2.142724
2014-07-01,2.098319
2014-08-01,1.959017
2014-09-01,1.95017
2014-10-01,2.001463
2014-11-01,1.999147
2014-12-01,1.961226
2015-01-01,1.976365
2015-02-01,1.972517
2015-03-01,1.989606
2015-04-01,2.05371
2015-05-01,2.056561
2015-06-01,2.103732
2015-07-01,2.130475
2015-08-01,2.169207
2015-09-01,2.268536
2015-10-01,2.335492
2015-11-01,2.394625
2015-12-01,2.437497
2016-01-01,2.460879
2016-02-01,2.538253
2016-03-01,2.526214
2016-04-01,2.53143
2016-05-01,2.565678
2016-06-01,2.563629
2016-07-01,2.569655
2016-08-01,2.716347
2016-09-01,2.624799
2016-10-01,2.502268
2016-11-01,2.518564
2016-12-01,2.585286
2017-01-01,2.651739
2017-02-01,2.664566
2017-03-01,2.436586
2017-04-01,2.235672
2017-05-01,2.139634
2017-06-01,2.122109
2017-07-01,2.131777
2017-08-01,2.075047
2017-09-01,2.091354
2017-10-01,2.177581
2017-11-01,2.099803
2017-12-01,2.117186
2018-01-01,2.157823
2018-02-01,2.123101
2018-03-01,2.366925
2018-04-01,2.491592
2018-05-01,2.543212
2018-06-01,2.551897
2018-07-01,2.518753
2018-08-01,2.432443
2018-09-01,2.462881
2018-10-01,2.415236
2018-11-01,2.476418
2018-12-01,2.456173
2019-01-01,2.375054
2019-02-01,2.375943
2019-03-01,2.356946
2019-04-01,2.392773
2019-05-01,2.360903
2019-06-01,2.392597
2019-07-01,2.475923
2019-08-01,2.630398
2019-09-01,2.622934
2019-10-01,2.747596
2019-11-01,2.772021
2019-12-01,2.752609
2020-01-01,2.790484
2020-02-01,2.800101
2020-03-01,2.606553
2020-04-01,2.179323
2020-05-01,2.01414
2020-06-01,1.993544
2020-07-01,2.281283
2020-08-01,2.213149
2020-09-01,1.980283
2020-10-01,1.747303
2020-11-01,1.697582
2020-12-01,1.600671
2021-01-01,1.400569
2021-02-01,1.405123
2021-03-01,1.592366
2021-04-01,2.209393
2021-05-01,2.562825
2021-06-01,2.558145
2021-07-01,2.323597
2021-08-01,2.332419
2021-09-01,2.610662
2021-10-01,3.007604
2021-11-01,3.184384
2021-12-01,3.456458
2022-01-01,3.965498
2022-02-01,4.280304
2022-03-01,4.534344
2022-04-01,4.703935
2022-05-01,4.950974
2022-06-01,5.39633
2022-07-01,5.59073
2022-08-01,5.951312
2022-09-01,6.348017
2022-10-01,6.312946
2022-11-01,6.422543
2022-12-01,6.538167
2023-01-01,6.487554
